,temperature,humidity,precipitation,water_level,THI,heat_index,traditional_DI,apparent_temp,temp_humidity_composite
겨울,-0.4602456728084869,69.34372242092061,0.027422535211267605,0.6189250392827433,35.57838856272101,74.94691543853943,27.24881262795459,-3.1091559696426723,-0.43412893169551464
봄,12.541461311549806,62.64890623581737,0.07621259734936467,0.7040815217391305,54.6509818262685,33.942794651785704,52.67694617409458,11.523778841341862,7.223279658709267
여름,23.932848810717218,80.73800989155588,0.2927913550975743,0.8926340579710145,72.91232566172783,24.42865417710146,76.08532131297014,27.729281281108804,18.970223888762252
가을,13.727551863411053,78.45367734826921,0.1233679354094579,0.7048191391941392,56.71123294463319,30.11125610207111,55.766281608667704,14.02127810532343,10.617620053254981
