,temperature,humidity,precipitation,water_level,THI,heat_index,traditional_DI,apparent_temp,temp_humidity_composite
겨울,-0.8750143705690745,70.49753013238491,0.03125751961114587,0.6189250392827433,33.69567776074841,82.05739936462079,25.43676293789809,-4.128762503582141,-1.385530851910828
봄,12.375304726086364,62.30842391304348,0.08701475595913734,0.7040815217391305,54.88353850543478,34.63371241486777,53.335029891304345,11.880968141368443,7.130456521739131
여름,24.526130949680113,80.8606278366112,0.29598081753825073,0.8926340579710145,74.63894933964049,26.096675313442123,78.2089316934721,29.324118006831462,19.845766130558182
가을,13.654715159317671,78.89281345565749,0.11840830449826989,0.7048191391941392,56.8287738597299,31.210848783840543,56.29590454266421,14.387985355792617,10.597614027010437
