{
  "location":"gadeok",
  "analysis_type":"seasonal_performance",
  "best_seasonal_indices":{
    "spring":{
      "index":"temp_humidity_composite",
      "correlation":0.5691453892,
      "p_value":0.0
    },
    "summer":{
      "index":"temp_humidity_composite",
      "correlation":0.2235621132,
      "p_value":7.422752492e-61
    },
    "autumn":{
      "index":"temp_humidity_composite",
      "correlation":0.4626606478,
      "p_value":0.0
    },
    "winter":{
      "index":"temp_humidity_composite",
      "correlation":0.1284838604,
      "p_value":6.096358346e-20
    }
  },
  "seasonal_correlations":{
    "spring":{
      "THI":{
        "correlation":0.3879081532,
        "p_value":1.529557467e-158,
        "n_samples":4416
      },
      "heat_index":{
        "correlation":-0.3944728252,
        "p_value":2.316763983e-164,
        "n_samples":4416
      },
      "traditional_DI":{
        "correlation":0.4053260517,
        "p_value":2.810676661e-174,
        "n_samples":4416
      },
      "apparent_temp":{
        "correlation":0.4368956334,
        "p_value":2.66605263e-205,
        "n_samples":4416
      },
      "temp_humidity_composite":{
        "correlation":0.5691453892,
        "p_value":0.0,
        "n_samples":4416
      },
      "THI_change_1h":{
        "correlation":-0.0220847287,
        "p_value":0.1422782178,
        "n_samples":4416
      },
      "THI_change_3h":{
        "correlation":-0.0335591899,
        "p_value":0.0257404519,
        "n_samples":4416
      },
      "heat_index_change_1h":{
        "correlation":0.0128809236,
        "p_value":0.3921255236,
        "n_samples":4416
      },
      "heat_index_change_3h":{
        "correlation":0.0112407685,
        "p_value":0.4551874298,
        "n_samples":4416
      },
      "traditional_DI_change_1h":{
        "correlation":-0.0231206315,
        "p_value":0.1244879902,
        "n_samples":4416
      },
      "traditional_DI_change_3h":{
        "correlation":-0.0342518239,
        "p_value":0.0228364588,
        "n_samples":4416
      },
      "apparent_temp_change_1h":{
        "correlation":-0.025963814,
        "p_value":0.0844958585,
        "n_samples":4416
      },
      "apparent_temp_change_3h":{
        "correlation":-0.0374327586,
        "p_value":0.0128577064,
        "n_samples":4416
      }
    },
    "summer":{
      "THI":{
        "correlation":-0.0369127124,
        "p_value":0.0072799263,
        "n_samples":5285
      },
      "heat_index":{
        "correlation":-0.1592368234,
        "p_value":2.3531342e-31,
        "n_samples":5285
      },
      "traditional_DI":{
        "correlation":-0.0874211536,
        "p_value":0.0000000002,
        "n_samples":5285
      },
      "apparent_temp":{
        "correlation":-0.0403412582,
        "p_value":0.0033545607,
        "n_samples":5285
      },
      "temp_humidity_composite":{
        "correlation":0.2235621132,
        "p_value":7.422752492e-61,
        "n_samples":5285
      },
      "THI_change_1h":{
        "correlation":-0.0055131354,
        "p_value":0.688751135,
        "n_samples":5281
      },
      "THI_change_3h":{
        "correlation":-0.037941797,
        "p_value":0.0058322463,
        "n_samples":5279
      },
      "heat_index_change_1h":{
        "correlation":0.0011354123,
        "p_value":0.9342559099,
        "n_samples":5281
      },
      "heat_index_change_3h":{
        "correlation":-0.0339227569,
        "p_value":0.0137073614,
        "n_samples":5279
      },
      "traditional_DI_change_1h":{
        "correlation":-0.0016070814,
        "p_value":0.9070503871,
        "n_samples":5281
      },
      "traditional_DI_change_3h":{
        "correlation":-0.0317400754,
        "p_value":0.0211014209,
        "n_samples":5279
      },
      "apparent_temp_change_1h":{
        "correlation":-0.0046431916,
        "p_value":0.7358568811,
        "n_samples":5281
      },
      "apparent_temp_change_3h":{
        "correlation":-0.0371599453,
        "p_value":0.0069295059,
        "n_samples":5279
      }
    },
    "autumn":{
      "THI":{
        "correlation":0.3768520804,
        "p_value":5.723850399e-219,
        "n_samples":6516
      },
      "heat_index":{
        "correlation":-0.3062661823,
        "p_value":1.543889289e-141,
        "n_samples":6516
      },
      "traditional_DI":{
        "correlation":0.3732700242,
        "p_value":1.53018697e-214,
        "n_samples":6516
      },
      "apparent_temp":{
        "correlation":0.3942205904,
        "p_value":3.054360725e-241,
        "n_samples":6516
      },
      "temp_humidity_composite":{
        "correlation":0.4626606478,
        "p_value":0.0,
        "n_samples":6516
      },
      "THI_change_1h":{
        "correlation":-0.0065160164,
        "p_value":0.5990495801,
        "n_samples":6513
      },
      "THI_change_3h":{
        "correlation":-0.0122776837,
        "p_value":0.321983218,
        "n_samples":6509
      },
      "heat_index_change_1h":{
        "correlation":0.0105026936,
        "p_value":0.3967380794,
        "n_samples":6513
      },
      "heat_index_change_3h":{
        "correlation":0.0051337913,
        "p_value":0.678794197,
        "n_samples":6509
      },
      "traditional_DI_change_1h":{
        "correlation":-0.0049527051,
        "p_value":0.689432971,
        "n_samples":6513
      },
      "traditional_DI_change_3h":{
        "correlation":-0.0108197704,
        "p_value":0.3827833455,
        "n_samples":6509
      },
      "apparent_temp_change_1h":{
        "correlation":-0.0091244905,
        "p_value":0.4615790583,
        "n_samples":6513
      },
      "apparent_temp_change_3h":{
        "correlation":-0.0156617076,
        "p_value":0.2064469363,
        "n_samples":6509
      }
    },
    "winter":{
      "THI":{
        "correlation":0.056536971,
        "p_value":0.0000608318,
        "n_samples":5024
      },
      "heat_index":{
        "correlation":-0.0650684968,
        "p_value":0.0000039156,
        "n_samples":5024
      },
      "traditional_DI":{
        "correlation":0.0796665311,
        "p_value":0.0000000156,
        "n_samples":5024
      },
      "apparent_temp":{
        "correlation":0.0872568871,
        "p_value":0.0000000006,
        "n_samples":5024
      },
      "temp_humidity_composite":{
        "correlation":0.1284838604,
        "p_value":6.096358346e-20,
        "n_samples":5024
      },
      "THI_change_1h":{
        "correlation":0.0230895885,
        "p_value":0.1018912477,
        "n_samples":5020
      },
      "THI_change_3h":{
        "correlation":0.0211303122,
        "p_value":0.1346476629,
        "n_samples":5014
      },
      "heat_index_change_1h":{
        "correlation":-0.0308151535,
        "p_value":0.0290145557,
        "n_samples":5020
      },
      "heat_index_change_3h":{
        "correlation":-0.0275386912,
        "p_value":0.0511895419,
        "n_samples":5014
      },
      "traditional_DI_change_1h":{
        "correlation":0.0144558318,
        "p_value":0.3058246825,
        "n_samples":5020
      },
      "traditional_DI_change_3h":{
        "correlation":0.0114398594,
        "p_value":0.4180111936,
        "n_samples":5014
      },
      "apparent_temp_change_1h":{
        "correlation":0.0133161836,
        "p_value":0.3455353791,
        "n_samples":5020
      },
      "apparent_temp_change_3h":{
        "correlation":0.0102624733,
        "p_value":0.4675202879,
        "n_samples":5014
      }
    }
  },
  "seasonal_performance":{
    "spring":{
      "THI":{
        "r2_score":-0.0940855151,
        "rmse":0.1434273527,
        "n_samples":4416,
        "feature_importance":1.0
      },
      "heat_index":{
        "r2_score":0.0008694961,
        "rmse":0.137062124,
        "n_samples":4416,
        "feature_importance":1.0
      },
      "traditional_DI":{
        "r2_score":-0.0085723833,
        "rmse":0.1377082263,
        "n_samples":4416,